{
  "vae": {
    "min_lr": 3.292971255097147e-05,
    "max_lr": 0.00541587137807947,
    "suggested_lr": 0.0004223068643690162
  }
}