{
  "mean": [
    4.599964618682861,
    4.9549031257629395,
    4.737170219421387,
    -0.027830420061945915,
    0.02624204382300377,
    -0.040676552802324295,
    5.068329334259033,
    5.011098861694336,
    4.867003917694092
  ],
  "std": [
    2.754096031188965,
    2.732762336730957,
    2.6417086124420166,
    0.6544222235679626,
    0.6442938446998596,
    0.6735128164291382,
    2.369891881942749,
    2.362009286880493,
    2.2371859550476074
  ]
}